"user","user_id"
"Google","x398500188"
"Google","x96268540"
"Google","x1270530610293911552"
"Google","x4851449874"
"Google","x8310492"
"Google","x1061101538"
"Google","x84981428"
"Google","x63416827"
"Google","x118810327"
"Google","x1087898689987723264"
"Google","x17995402"
"Google","x114483439"
"Google","x707745276254146560"
"Google","x111048816"
"Google","x180380465"
"Google","x377627357"
"Google","x31171669"
"Google","x881815625441718272"
"Google","x2318864496"
"Google","x3308277802"
"Google","x4866317823"
"Google","x3502848803"
"Google","x3072862181"
"Google","x3120694953"
"Google","x3312995519"
"Google","x737531905533345795"
"Google","x3031071234"
"Google","x516470557"
"Google","x927444601882812416"
"Google","x1057444030223540225"
"Google","x2578927872"
"Google","x1131226896979546112"
"Google","x1136510358762401792"
"Google","x96006339"
"Google","x175102903"
"Google","x831657713226522624"
"Google","x847190167542652928"
"Google","x1115472823"
"Google","x1531496234"
"Google","x2542067612"
"Google","x4799402298"
"Google","x87913252"
"Google","x4490396355"
"Google","x743681376361152516"
"Google","x182578529"
"Google","x936023434919677952"
"Google","x3015949078"
"Google","x998732084314165249"
"Google","x1225290542688305152"
"Google","x911285108983787520"
"Google","x1020439796609572864"
"Google","x218978731"
"Google","x113419064"
"Google","x82044596"
"Google","x447644824"
"Google","x2774598458"
"Google","x1614828186"
"Google","x376585411"
"Google","x2862241270"
"Google","x736417946214400001"
"Google","x202230373"
"Google","x857372550241726464"
"Google","x2336468364"
"Google","x1145577382830465024"
"Google","x1944696282"
"Google","x707338163774095360"
"Google","x11263102"
"Google","x3066452092"
"Google","x1704980533"
"Google","x37576654"
"Google","x159315527"
"Google","x911297187664949248"
"Google","x33584794"
"Google","x816364272452128768"
"Google","x334678478"
"Google","x855343226290622465"
"Google","x3003834689"
"Google","x1613102274"
"Google","x1194202635114557440"
"Google","x17003765"
"Google","x19367815"
"Google","x1075893326602153984"
"Google","x1038120930663231488"
"Google","x935278274845974528"
"Google","x994271837361061888"
"Google","x598232506"
"Google","x5442642"
"Google","x163975783"
"Google","x2464809181"
"Google","x3119852399"
"Google","x913521757100769280"
"Google","x771813384203272192"
"Google","x2669636582"
"Google","x762692626403373060"
"Google","x3307941657"
"Google","x734854525375287298"
"Google","x294561527"
"Google","x149134959"
"Google","x53002114"
"Google","x58303955"
"Google","x384536513"
"Google","x78626346"
"Google","x62717084"
"Google","x50791157"
"Google","x24908524"
"Google","x2815096300"
"Google","x2468003900"
"Google","x3200045434"
"Google","x389457820"
"Google","x52407579"
"Google","x3827587349"
"Google","x319244575"
"Google","x160561451"
"Google","x124530355"
"Google","x880142286176231425"
"Google","x776196808909336577"
"Google","x2946570168"
"Google","x3245142196"
"Google","x803263807489536000"
"Google","x743699428448468992"
"Google","x4783690002"
"Google","x796092645193846784"
"Google","x1963617619"
"Google","x254107028"
"Google","x49619965"
"Google","x7667442"
"Google","x2802316930"
"Google","x2924427001"
"Google","x443290756"
"Google","x4483327348"
"Google","x254218142"
"Google","x28807412"
"Google","x3450662892"
"Google","x29079189"
"Google","x3270420139"
"Google","x2427421832"
"Google","x3307218826"
"Google","x3300594994"
"Google","x289431709"
"Google","x2362618909"
"Google","x327602105"
"Google","x3119988399"
"Google","x39511166"
"Google","x3039195467"
"Google","x2798536752"
"Google","x2878812992"
"Google","x488683847"
"Google","x54990262"
"Google","x7087112"
"Google","x20640328"
"Google","x2499289070"
"Google","x112236047"
"Google","x11348282"
"Google","x91478624"
"Google","x20562637"
"Google","x1357903590"
"Google","x14293310"
"Google","x807095"
"Google","x16664681"
"Google","x2467791"
"Google","x38424468"
"Google","x297051931"
"Google","x2439022850"
"Google","x38005558"
"Google","x410537231"
"Google","x20753077"
"Google","x2232721860"
"Google","x2281044080"
"Google","x2244340904"
"Google","x168264219"
"Google","x2238243734"
"Google","x1914445698"
"Google","x52483"
"Google","x15828408"
"Google","x18910579"
"Google","x28140646"
"Google","x30261067"
"Google","x28172926"
"Google","x17071048"
"Google","x901651"
"Google","x5746402"
"Google","x7144422"
"Google","x278208769"
"Google","x243381107"
"Google","x300378623"
"Google","x357881322"
"Google","x228199663"
"Google","x309827046"
"Google","x248965136"
"Google","x239760107"
"Google","x382267114"
"Google","x14858088"
"Google","x1021631"
"Google","x260741931"
"Google","x296979153"
"Google","x312189104"
"Google","x227021376"
"Google","x296459271"
"Google","x8841372"
"Google","x197263266"
"Google","x27297597"
"Google","x31925790"
"Google","x257660675"
"Google","x14208982"
"Google","x15808647"
"Google","x14800270"
"Google","x94530194"
"Google","x14130366"
"Google","x234923843"
"Google","x56505125"
"Google","x207773069"
"Google","x57813514"
"Google","x32468665"
"Google","x40974333"
"Google","x209645265"
"Google","x19280591"
"Google","x91220126"
"Google","x38679388"
"Google","x2893971"
"Google","x22564445"
"Google","x63842549"
"Google","x80663030"
"Google","x75357513"
"Google","x23000450"
"Google","x9892692"
"Google","x783214"
"Google","x33039483"
"Google","x12480582"
"Google","x56764425"
"Google","x14885549"
"Google","x63796828"
"Google","x113713261"
"Google","x16950711"
"Google","x111197966"
"Google","x60642052"
"Google","x15865878"
"Google","x3108351"
"Google","x22642788"
"Google","x18220249"
"Google","x57295940"
"Google","x27814665"
"Google","x93957809"
"Google","x93711247"
"Google","x41909879"
"Google","x37060788"
"Google","x51263711"
"Google","x62607297"
"Google","x21311075"
"Google","x43901113"
"Google","x4641021"
"Google","x50090898"
"Google","x19658826"
"Google","x22046611"
"Google","x41865658"
"Google","x31285982"
"Google","x38267947"
"Google","x11069462"
"Google","x5446532"
"Google","x11382292"
"Google","x33838201"
"Google","x14857861"
"Google","x30315557"
"Google","x14539324"
"Google","x31311757"
"Google","x29937112"
"Google","x817386"
"Google","x1068831"
"Google","x6070762"
"Google","x25412522"
"Google","x18267597"
"Google","x2890961"
"Google","x18164662"
"Google","x14434070"
"Google","x12615582"
"Google","x1344951"
"Google","x717313"
"Google","x19417983"
"Google","x816653"
"Google","x1059801"
"Google","x972651"
"Google","x14407165"
"Google","x7905122"
"Google","x1221351"
"Google","x17455910"
"Google","x15662446"
"Google","x819800"
"Google","x44423"
"Google","x673483"
"Google","x13041"
"Google","x18780567"
"Google","x10228272"
"Google","x15813140"
